Indicator,ParentLocation,Location,Period,Dim1 type,Dim1,Dim1ValueCode,FactValueNumericLow,FactValueNumericHighPrefix,FactValueNumericHigh,Value,FactValueTranslationID,FactComments
Blood Alcohol Concentration (BAC) limit for drivers,Eastern Mediterranean,Afghanistan,2017,Driver Type,General population,DRIVERTYPE_RS-DRIVERTYPE-GENERAL,,,,'-,,
Blood Alcohol Concentration (BAC) limit for drivers,Eastern Mediterranean,Afghanistan,2017,Driver Type,young/novice drivers,DRIVERTYPE_RS-DRIVERTYPE-YOUNG,,,,'-,,
Blood Alcohol Concentration (BAC) limit for drivers,Americas,Antigua and Barbuda,2017,Driver Type,General population,DRIVERTYPE_RS-DRIVERTYPE-GENERAL,,,,'-,,
Blood Alcohol Concentration (BAC) limit for drivers,Americas,Antigua and Barbuda,2017,Driver Type,young/novice drivers,DRIVERTYPE_RS-DRIVERTYPE-YOUNG,,,,'-,,
Blood Alcohol Concentration (BAC) limit for drivers,Europe,Azerbaijan,2017,Driver Type,General population,DRIVERTYPE_RS-DRIVERTYPE-GENERAL,,,,'-,,
Blood Alcohol Concentration (BAC) limit for drivers,Europe,Azerbaijan,2017,Driver Type,young/novice drivers,DRIVERTYPE_RS-DRIVERTYPE-YOUNG,,,,'-,,
Blood Alcohol Concentration (BAC) limit for drivers,South-East Asia,Bangladesh,2017,Driver Type,General population,DRIVERTYPE_RS-DRIVERTYPE-GENERAL,,,,'-,,
Blood Alcohol Concentration (BAC) limit for drivers,South-East Asia,Bangladesh,2017,Driver Type,young/novice drivers,DRIVERTYPE_RS-DRIVERTYPE-YOUNG,,,,'-,,
Blood Alcohol Concentration (BAC) limit for drivers,Africa,Benin,2017,Driver Type,General population,DRIVERTYPE_RS-DRIVERTYPE-GENERAL,,,,'-,,
Blood Alcohol Concentration (BAC) limit for drivers,Africa,Benin,2017,Driver Type,young/novice drivers,DRIVERTYPE_RS-DRIVERTYPE-YOUNG,,,,'-,,
Blood Alcohol Concentration (BAC) limit for drivers,Africa,Comoros,2017,Driver Type,General population,DRIVERTYPE_RS-DRIVERTYPE-GENERAL,,,,'-,,
Blood Alcohol Concentration (BAC) limit for drivers,Africa,Comoros,2017,Driver Type,young/novice drivers,DRIVERTYPE_RS-DRIVERTYPE-YOUNG,,,,'-,,
Blood Alcohol Concentration (BAC) limit for drivers,Eastern Mediterranean,Egypt,2017,Driver Type,General population,DRIVERTYPE_RS-DRIVERTYPE-GENERAL,,,,'-,,
Blood Alcohol Concentration (BAC) limit for drivers,Eastern Mediterranean,Egypt,2017,Driver Type,young/novice drivers,DRIVERTYPE_RS-DRIVERTYPE-YOUNG,,,,'-,,
Blood Alcohol Concentration (BAC) limit for drivers,Africa,Gambia,2017,Driver Type,General population,DRIVERTYPE_RS-DRIVERTYPE-GENERAL,,,,'-,,
Blood Alcohol Concentration (BAC) limit for drivers,Africa,Gambia,2017,Driver Type,young/novice drivers,DRIVERTYPE_RS-DRIVERTYPE-YOUNG,,,,'-,,
Blood Alcohol Concentration (BAC) limit for drivers,Americas,Grenada,2017,Driver Type,General population,DRIVERTYPE_RS-DRIVERTYPE-GENERAL,,,,'-,,
Blood Alcohol Concentration (BAC) limit for drivers,Americas,Grenada,2017,Driver Type,young/novice drivers,DRIVERTYPE_RS-DRIVERTYPE-YOUNG,,,,'-,,
Blood Alcohol Concentration (BAC) limit for drivers,Americas,Guatemala,2017,Driver Type,General population,DRIVERTYPE_RS-DRIVERTYPE-GENERAL,,,,'-,,
Blood Alcohol Concentration (BAC) limit for drivers,Americas,Guatemala,2017,Driver Type,young/novice drivers,DRIVERTYPE_RS-DRIVERTYPE-YOUNG,,,,'-,,
Blood Alcohol Concentration (BAC) limit for drivers,South-East Asia,Indonesia,2017,Driver Type,General population,DRIVERTYPE_RS-DRIVERTYPE-GENERAL,,,,'-,,
Blood Alcohol Concentration (BAC) limit for drivers,South-East Asia,Indonesia,2017,Driver Type,young/novice drivers,DRIVERTYPE_RS-DRIVERTYPE-YOUNG,,,,'-,,
Blood Alcohol Concentration (BAC) limit for drivers,Eastern Mediterranean,Iran (Islamic Republic of),2017,Driver Type,General population,DRIVERTYPE_RS-DRIVERTYPE-GENERAL,,,,'-,,
Blood Alcohol Concentration (BAC) limit for drivers,Eastern Mediterranean,Iran (Islamic Republic of),2017,Driver Type,young/novice drivers,DRIVERTYPE_RS-DRIVERTYPE-YOUNG,,,,'-,,
Blood Alcohol Concentration (BAC) limit for drivers,Eastern Mediterranean,Iraq,2017,Driver Type,General population,DRIVERTYPE_RS-DRIVERTYPE-GENERAL,,,,'-,,
Blood Alcohol Concentration (BAC) limit for drivers,Eastern Mediterranean,Iraq,2017,Driver Type,young/novice drivers,DRIVERTYPE_RS-DRIVERTYPE-YOUNG,,,,'-,,
Blood Alcohol Concentration (BAC) limit for drivers,Eastern Mediterranean,Kuwait,2017,Driver Type,General population,DRIVERTYPE_RS-DRIVERTYPE-GENERAL,,,,'-,,
Blood Alcohol Concentration (BAC) limit for drivers,Eastern Mediterranean,Kuwait,2017,Driver Type,young/novice drivers,DRIVERTYPE_RS-DRIVERTYPE-YOUNG,,,,'-,,
Blood Alcohol Concentration (BAC) limit for drivers,Europe,Kyrgyzstan,2017,Driver Type,General population,DRIVERTYPE_RS-DRIVERTYPE-GENERAL,,,,'-,,
Blood Alcohol Concentration (BAC) limit for drivers,Europe,Kyrgyzstan,2017,Driver Type,young/novice drivers,DRIVERTYPE_RS-DRIVERTYPE-YOUNG,,,,'-,,
Blood Alcohol Concentration (BAC) limit for drivers,Eastern Mediterranean,Libya,2017,Driver Type,General population,DRIVERTYPE_RS-DRIVERTYPE-GENERAL,,,,'-,,
Blood Alcohol Concentration (BAC) limit for drivers,Eastern Mediterranean,Libya,2017,Driver Type,young/novice drivers,DRIVERTYPE_RS-DRIVERTYPE-YOUNG,,,,'-,,
Blood Alcohol Concentration (BAC) limit for drivers,South-East Asia,Maldives,2017,Driver Type,General population,DRIVERTYPE_RS-DRIVERTYPE-GENERAL,,,,'-,,
Blood Alcohol Concentration (BAC) limit for drivers,South-East Asia,Maldives,2017,Driver Type,young/novice drivers,DRIVERTYPE_RS-DRIVERTYPE-YOUNG,,,,'-,,
Blood Alcohol Concentration (BAC) limit for drivers,Africa,Mauritania,2017,Driver Type,General population,DRIVERTYPE_RS-DRIVERTYPE-GENERAL,,,,'-,,
Blood Alcohol Concentration (BAC) limit for drivers,Africa,Mauritania,2017,Driver Type,young/novice drivers,DRIVERTYPE_RS-DRIVERTYPE-YOUNG,,,,'-,,
Blood Alcohol Concentration (BAC) limit for drivers,Americas,Mexico,2017,Driver Type,General population,DRIVERTYPE_RS-DRIVERTYPE-GENERAL,,,,'-,,
Blood Alcohol Concentration (BAC) limit for drivers,Americas,Mexico,2017,Driver Type,young/novice drivers,DRIVERTYPE_RS-DRIVERTYPE-YOUNG,,,,'-,,
Blood Alcohol Concentration (BAC) limit for drivers,Western Pacific,Micronesia (Federated States of),2017,Driver Type,General population,DRIVERTYPE_RS-DRIVERTYPE-GENERAL,,,,'-,,
Blood Alcohol Concentration (BAC) limit for drivers,Western Pacific,Micronesia (Federated States of),2017,Driver Type,young/novice drivers,DRIVERTYPE_RS-DRIVERTYPE-YOUNG,,,,'-,,
Blood Alcohol Concentration (BAC) limit for drivers,South-East Asia,Myanmar,2017,Driver Type,General population,DRIVERTYPE_RS-DRIVERTYPE-GENERAL,,,,'-,,
Blood Alcohol Concentration (BAC) limit for drivers,South-East Asia,Myanmar,2017,Driver Type,young/novice drivers,DRIVERTYPE_RS-DRIVERTYPE-YOUNG,,,,'-,,
Blood Alcohol Concentration (BAC) limit for drivers,South-East Asia,Nepal,2017,Driver Type,General population,DRIVERTYPE_RS-DRIVERTYPE-GENERAL,,,,'-,,
Blood Alcohol Concentration (BAC) limit for drivers,South-East Asia,Nepal,2017,Driver Type,young/novice drivers,DRIVERTYPE_RS-DRIVERTYPE-YOUNG,,,,'-,,
Blood Alcohol Concentration (BAC) limit for drivers,Africa,Niger,2017,Driver Type,General population,DRIVERTYPE_RS-DRIVERTYPE-GENERAL,,,,'-,,
Blood Alcohol Concentration (BAC) limit for drivers,Africa,Niger,2017,Driver Type,young/novice drivers,DRIVERTYPE_RS-DRIVERTYPE-YOUNG,,,,'-,,
Blood Alcohol Concentration (BAC) limit for drivers,Eastern Mediterranean,"occupied Palestinian territory, including east Jerusalem",2017,Driver Type,General population,DRIVERTYPE_RS-DRIVERTYPE-GENERAL,,,,'-,,
Blood Alcohol Concentration (BAC) limit for drivers,Eastern Mediterranean,"occupied Palestinian territory, including east Jerusalem",2017,Driver Type,young/novice drivers,DRIVERTYPE_RS-DRIVERTYPE-YOUNG,,,,'-,,
Blood Alcohol Concentration (BAC) limit for drivers,Eastern Mediterranean,Oman,2017,Driver Type,General population,DRIVERTYPE_RS-DRIVERTYPE-GENERAL,,,,'-,,
Blood Alcohol Concentration (BAC) limit for drivers,Eastern Mediterranean,Oman,2017,Driver Type,young/novice drivers,DRIVERTYPE_RS-DRIVERTYPE-YOUNG,,,,'-,,
Blood Alcohol Concentration (BAC) limit for drivers,Eastern Mediterranean,Pakistan,2017,Driver Type,General population,DRIVERTYPE_RS-DRIVERTYPE-GENERAL,,,,'-,,
Blood Alcohol Concentration (BAC) limit for drivers,Eastern Mediterranean,Pakistan,2017,Driver Type,young/novice drivers,DRIVERTYPE_RS-DRIVERTYPE-YOUNG,,,,'-,,
Blood Alcohol Concentration (BAC) limit for drivers,Western Pacific,Papua New Guinea,2017,Driver Type,General population,DRIVERTYPE_RS-DRIVERTYPE-GENERAL,,,,'-,,
Blood Alcohol Concentration (BAC) limit for drivers,Western Pacific,Papua New Guinea,2017,Driver Type,young/novice drivers,DRIVERTYPE_RS-DRIVERTYPE-YOUNG,,,,'-,,
Blood Alcohol Concentration (BAC) limit for drivers,Eastern Mediterranean,Qatar,2017,Driver Type,General population,DRIVERTYPE_RS-DRIVERTYPE-GENERAL,,,,'-,,
Blood Alcohol Concentration (BAC) limit for drivers,Eastern Mediterranean,Qatar,2017,Driver Type,young/novice drivers,DRIVERTYPE_RS-DRIVERTYPE-YOUNG,,,,'-,,
Blood Alcohol Concentration (BAC) limit for drivers,Eastern Mediterranean,Saudi Arabia,2017,Driver Type,General population,DRIVERTYPE_RS-DRIVERTYPE-GENERAL,,,,'-,,
Blood Alcohol Concentration (BAC) limit for drivers,Eastern Mediterranean,Saudi Arabia,2017,Driver Type,young/novice drivers,DRIVERTYPE_RS-DRIVERTYPE-YOUNG,,,,'-,,
Blood Alcohol Concentration (BAC) limit for drivers,Africa,Senegal,2017,Driver Type,General population,DRIVERTYPE_RS-DRIVERTYPE-GENERAL,,,,'-,,
Blood Alcohol Concentration (BAC) limit for drivers,Africa,Senegal,2017,Driver Type,young/novice drivers,DRIVERTYPE_RS-DRIVERTYPE-YOUNG,,,,'-,,
Blood Alcohol Concentration (BAC) limit for drivers,Eastern Mediterranean,Somalia,2017,Driver Type,General population,DRIVERTYPE_RS-DRIVERTYPE-GENERAL,,,,'-,,
Blood Alcohol Concentration (BAC) limit for drivers,Eastern Mediterranean,Somalia,2017,Driver Type,young/novice drivers,DRIVERTYPE_RS-DRIVERTYPE-YOUNG,,,,'-,,
Blood Alcohol Concentration (BAC) limit for drivers,Africa,South Sudan,2017,Driver Type,General population,DRIVERTYPE_RS-DRIVERTYPE-GENERAL,,,,'-,,
Blood Alcohol Concentration (BAC) limit for drivers,Africa,South Sudan,2017,Driver Type,young/novice drivers,DRIVERTYPE_RS-DRIVERTYPE-YOUNG,,,,'-,,
Blood Alcohol Concentration (BAC) limit for drivers,Eastern Mediterranean,Sudan,2017,Driver Type,General population,DRIVERTYPE_RS-DRIVERTYPE-GENERAL,,,,'-,,
Blood Alcohol Concentration (BAC) limit for drivers,Eastern Mediterranean,Sudan,2017,Driver Type,young/novice drivers,DRIVERTYPE_RS-DRIVERTYPE-YOUNG,,,,'-,,
Blood Alcohol Concentration (BAC) limit for drivers,Eastern Mediterranean,Syrian Arab Republic,2017,Driver Type,General population,DRIVERTYPE_RS-DRIVERTYPE-GENERAL,,,,'-,,
Blood Alcohol Concentration (BAC) limit for drivers,Eastern Mediterranean,Syrian Arab Republic,2017,Driver Type,young/novice drivers,DRIVERTYPE_RS-DRIVERTYPE-YOUNG,,,,'-,,
Blood Alcohol Concentration (BAC) limit for drivers,Europe,Tajikistan,2017,Driver Type,General population,DRIVERTYPE_RS-DRIVERTYPE-GENERAL,,,,'-,,
Blood Alcohol Concentration (BAC) limit for drivers,Europe,Tajikistan,2017,Driver Type,young/novice drivers,DRIVERTYPE_RS-DRIVERTYPE-YOUNG,,,,'-,,
Blood Alcohol Concentration (BAC) limit for drivers,Africa,Togo,2017,Driver Type,General population,DRIVERTYPE_RS-DRIVERTYPE-GENERAL,,,,'-,,
Blood Alcohol Concentration (BAC) limit for drivers,Africa,Togo,2017,Driver Type,young/novice drivers,DRIVERTYPE_RS-DRIVERTYPE-YOUNG,,,,'-,,
Blood Alcohol Concentration (BAC) limit for drivers,Europe,Uzbekistan,2017,Driver Type,General population,DRIVERTYPE_RS-DRIVERTYPE-GENERAL,,,,'-,,
Blood Alcohol Concentration (BAC) limit for drivers,Europe,Uzbekistan,2017,Driver Type,young/novice drivers,DRIVERTYPE_RS-DRIVERTYPE-YOUNG,,,,'-,,
Blood Alcohol Concentration (BAC) limit for drivers,Western Pacific,Vanuatu,2017,Driver Type,General population,DRIVERTYPE_RS-DRIVERTYPE-GENERAL,,,,'-,,
Blood Alcohol Concentration (BAC) limit for drivers,Western Pacific,Vanuatu,2017,Driver Type,young/novice drivers,DRIVERTYPE_RS-DRIVERTYPE-YOUNG,,,,'-,,
Blood Alcohol Concentration (BAC) limit for drivers,Americas,Venezuela (Bolivarian Republic of),2017,Driver Type,General population,DRIVERTYPE_RS-DRIVERTYPE-GENERAL,,,,'-,,
Blood Alcohol Concentration (BAC) limit for drivers,Americas,Venezuela (Bolivarian Republic of),2017,Driver Type,young/novice drivers,DRIVERTYPE_RS-DRIVERTYPE-YOUNG,,,,'-,,
Blood Alcohol Concentration (BAC) limit for drivers,Europe,North Macedonia,2017,Driver Type,young/novice drivers,DRIVERTYPE_RS-DRIVERTYPE-YOUNG,,,,< 0.01 g/dl,,
Blood Alcohol Concentration (BAC) limit for drivers,Europe,Switzerland,2017,Driver Type,young/novice drivers,DRIVERTYPE_RS-DRIVERTYPE-YOUNG,,,,< 0.01 g/dl,,
Blood Alcohol Concentration (BAC) limit for drivers,Europe,Luxembourg,2017,Driver Type,young/novice drivers,DRIVERTYPE_RS-DRIVERTYPE-YOUNG,,,,< 0.02 g/dl,,
Blood Alcohol Concentration (BAC) limit for drivers,Europe,Poland,2017,Driver Type,General population,DRIVERTYPE_RS-DRIVERTYPE-GENERAL,,,,< 0.02 g/dl,,
Blood Alcohol Concentration (BAC) limit for drivers,Europe,Poland,2017,Driver Type,young/novice drivers,DRIVERTYPE_RS-DRIVERTYPE-YOUNG,,,,< 0.02 g/dl,,
Blood Alcohol Concentration (BAC) limit for drivers,Europe,Portugal,2017,Driver Type,young/novice drivers,DRIVERTYPE_RS-DRIVERTYPE-YOUNG,,,,< 0.02 g/dl,,
Blood Alcohol Concentration (BAC) limit for drivers,Europe,Sweden,2017,Driver Type,General population,DRIVERTYPE_RS-DRIVERTYPE-GENERAL,,,,< 0.02 g/dl,,
Blood Alcohol Concentration (BAC) limit for drivers,Europe,Sweden,2017,Driver Type,young/novice drivers,DRIVERTYPE_RS-DRIVERTYPE-YOUNG,,,,< 0.02 g/dl,,
Blood Alcohol Concentration (BAC) limit for drivers,Western Pacific,Australia,2017,Driver Type,General population,DRIVERTYPE_RS-DRIVERTYPE-GENERAL,,,,< 0.05 g/dl,,
Blood Alcohol Concentration (BAC) limit for drivers,Europe,Greece,2017,Driver Type,General population,DRIVERTYPE_RS-DRIVERTYPE-GENERAL,,,,< 0.05 g/dl,,
Blood Alcohol Concentration (BAC) limit for drivers,Europe,Greece,2017,Driver Type,young/novice drivers,DRIVERTYPE_RS-DRIVERTYPE-YOUNG,,,,< 0.05 g/dl,,
Blood Alcohol Concentration (BAC) limit for drivers,Europe,Luxembourg,2017,Driver Type,General population,DRIVERTYPE_RS-DRIVERTYPE-GENERAL,,,,< 0.05 g/dl,,
Blood Alcohol Concentration (BAC) limit for drivers,Europe,Portugal,2017,Driver Type,General population,DRIVERTYPE_RS-DRIVERTYPE-GENERAL,,,,< 0.05 g/dl,,
Blood Alcohol Concentration (BAC) limit for drivers,Europe,San Marino,2017,Driver Type,General population,DRIVERTYPE_RS-DRIVERTYPE-GENERAL,,,,< 0.05 g/dl,,
Blood Alcohol Concentration (BAC) limit for drivers,Europe,San Marino,2017,Driver Type,young/novice drivers,DRIVERTYPE_RS-DRIVERTYPE-YOUNG,,,,< 0.05 g/dl,,
Blood Alcohol Concentration (BAC) limit for drivers,Europe,Switzerland,2017,Driver Type,General population,DRIVERTYPE_RS-DRIVERTYPE-GENERAL,,,,< 0.05 g/dl,,
Blood Alcohol Concentration (BAC) limit for drivers,Europe,Turkmenistan,2017,Driver Type,General population,DRIVERTYPE_RS-DRIVERTYPE-GENERAL,,,,< 0.05 g/dl,,
Blood Alcohol Concentration (BAC) limit for drivers,Europe,Turkmenistan,2017,Driver Type,young/novice drivers,DRIVERTYPE_RS-DRIVERTYPE-YOUNG,,,,< 0.05 g/dl,,
Blood Alcohol Concentration (BAC) limit for drivers,South-East Asia,Sri Lanka,2017,Driver Type,General population,DRIVERTYPE_RS-DRIVERTYPE-GENERAL,,,,< 0.08 g/dl,,
Blood Alcohol Concentration (BAC) limit for drivers,South-East Asia,Sri Lanka,2017,Driver Type,young/novice drivers,DRIVERTYPE_RS-DRIVERTYPE-YOUNG,,,,< 0.08 g/dl,,
Blood Alcohol Concentration (BAC) limit for drivers,Europe,Israel,2017,Driver Type,young/novice drivers,DRIVERTYPE_RS-DRIVERTYPE-YOUNG,,,,<= 0.01 g/dl,,
Blood Alcohol Concentration (BAC) limit for drivers,Eastern Mediterranean,United Arab Emirates,2017,Driver Type,General population,DRIVERTYPE_RS-DRIVERTYPE-GENERAL,,,,<= 0.01 g/dl,,
Blood Alcohol Concentration (BAC) limit for drivers,Eastern Mediterranean,United Arab Emirates,2017,Driver Type,young/novice drivers,DRIVERTYPE_RS-DRIVERTYPE-YOUNG,,,,<= 0.01 g/dl,,
Blood Alcohol Concentration (BAC) limit for drivers,Americas,Costa Rica,2017,Driver Type,young/novice drivers,DRIVERTYPE_RS-DRIVERTYPE-YOUNG,,,,<= 0.02 g/dl,,
Blood Alcohol Concentration (BAC) limit for drivers,Europe,Ireland,2017,Driver Type,young/novice drivers,DRIVERTYPE_RS-DRIVERTYPE-YOUNG,,,,<= 0.02 g/dl,,
Blood Alcohol Concentration (BAC) limit for drivers,Europe,Latvia,2017,Driver Type,young/novice drivers,DRIVERTYPE_RS-DRIVERTYPE-YOUNG,,,,<= 0.02 g/dl,,
Blood Alcohol Concentration (BAC) limit for drivers,Europe,Malta,2017,Driver Type,young/novice drivers,DRIVERTYPE_RS-DRIVERTYPE-YOUNG,,,,<= 0.02 g/dl,,
Blood Alcohol Concentration (BAC) limit for drivers,Europe,Netherlands (Kingdom of the),2017,Driver Type,young/novice drivers,DRIVERTYPE_RS-DRIVERTYPE-YOUNG,,,,<= 0.02 g/dl,,
Blood Alcohol Concentration (BAC) limit for drivers,Europe,Norway,2017,Driver Type,General population,DRIVERTYPE_RS-DRIVERTYPE-GENERAL,,,,<= 0.02 g/dl,,
Blood Alcohol Concentration (BAC) limit for drivers,Europe,Norway,2017,Driver Type,young/novice drivers,DRIVERTYPE_RS-DRIVERTYPE-YOUNG,,,,<= 0.02 g/dl,,
Blood Alcohol Concentration (BAC) limit for drivers,South-East Asia,Thailand,2017,Driver Type,young/novice drivers,DRIVERTYPE_RS-DRIVERTYPE-YOUNG,,,,<= 0.02 g/dl,,
Blood Alcohol Concentration (BAC) limit for drivers,Europe,Ukraine,2017,Driver Type,General population,DRIVERTYPE_RS-DRIVERTYPE-GENERAL,,,,<= 0.02 g/dl,,
Blood Alcohol Concentration (BAC) limit for drivers,Europe,Ukraine,2017,Driver Type,young/novice drivers,DRIVERTYPE_RS-DRIVERTYPE-YOUNG,,,,<= 0.02 g/dl,,
Blood Alcohol Concentration (BAC) limit for drivers,Americas,Chile,2017,Driver Type,General population,DRIVERTYPE_RS-DRIVERTYPE-GENERAL,,,,<= 0.03 g/dl,,
Blood Alcohol Concentration (BAC) limit for drivers,Americas,Chile,2017,Driver Type,young/novice drivers,DRIVERTYPE_RS-DRIVERTYPE-YOUNG,,,,<= 0.03 g/dl,,
Blood Alcohol Concentration (BAC) limit for drivers,Americas,Ecuador,2017,Driver Type,General population,DRIVERTYPE_RS-DRIVERTYPE-GENERAL,,,,<= 0.03 g/dl,,
Blood Alcohol Concentration (BAC) limit for drivers,Americas,Ecuador,2017,Driver Type,young/novice drivers,DRIVERTYPE_RS-DRIVERTYPE-YOUNG,,,,<= 0.03 g/dl,,
Blood Alcohol Concentration (BAC) limit for drivers,Europe,Georgia,2017,Driver Type,General population,DRIVERTYPE_RS-DRIVERTYPE-GENERAL,,,,<= 0.03 g/dl,,
Blood Alcohol Concentration (BAC) limit for drivers,Europe,Georgia,2017,Driver Type,young/novice drivers,DRIVERTYPE_RS-DRIVERTYPE-YOUNG,,,,<= 0.03 g/dl,,
Blood Alcohol Concentration (BAC) limit for drivers,South-East Asia,India,2017,Driver Type,General population,DRIVERTYPE_RS-DRIVERTYPE-GENERAL,,,,<= 0.03 g/dl,,
Blood Alcohol Concentration (BAC) limit for drivers,South-East Asia,India,2017,Driver Type,young/novice drivers,DRIVERTYPE_RS-DRIVERTYPE-YOUNG,,,,<= 0.03 g/dl,,
Blood Alcohol Concentration (BAC) limit for drivers,Europe,Republic of Moldova,2017,Driver Type,General population,DRIVERTYPE_RS-DRIVERTYPE-GENERAL,,,,<= 0.03 g/dl,,
Blood Alcohol Concentration (BAC) limit for drivers,Europe,Republic of Moldova,2017,Driver Type,young/novice drivers,DRIVERTYPE_RS-DRIVERTYPE-YOUNG,,,,<= 0.03 g/dl,,
Blood Alcohol Concentration (BAC) limit for drivers,Americas,Costa Rica,2017,Driver Type,General population,DRIVERTYPE_RS-DRIVERTYPE-GENERAL,,,,<= 0.05 g/dl,,
Blood Alcohol Concentration (BAC) limit for drivers,Europe,Ireland,2017,Driver Type,General population,DRIVERTYPE_RS-DRIVERTYPE-GENERAL,,,,<= 0.05 g/dl,,
Blood Alcohol Concentration (BAC) limit for drivers,Europe,Israel,2017,Driver Type,General population,DRIVERTYPE_RS-DRIVERTYPE-GENERAL,,,,<= 0.05 g/dl,,
Blood Alcohol Concentration (BAC) limit for drivers,Europe,Latvia,2017,Driver Type,General population,DRIVERTYPE_RS-DRIVERTYPE-GENERAL,,,,<= 0.05 g/dl,,
Blood Alcohol Concentration (BAC) limit for drivers,Eastern Mediterranean,Lebanon,2017,Driver Type,General population,DRIVERTYPE_RS-DRIVERTYPE-GENERAL,,,,<= 0.05 g/dl,,
Blood Alcohol Concentration (BAC) limit for drivers,Europe,Malta,2017,Driver Type,General population,DRIVERTYPE_RS-DRIVERTYPE-GENERAL,,,,<= 0.05 g/dl,,
Blood Alcohol Concentration (BAC) limit for drivers,Europe,Netherlands (Kingdom of the),2017,Driver Type,General population,DRIVERTYPE_RS-DRIVERTYPE-GENERAL,,,,<= 0.05 g/dl,,
Blood Alcohol Concentration (BAC) limit for drivers,Americas,Panama,2017,Driver Type,General population,DRIVERTYPE_RS-DRIVERTYPE-GENERAL,,,,<= 0.05 g/dl,,
Blood Alcohol Concentration (BAC) limit for drivers,Americas,Panama,2017,Driver Type,young/novice drivers,DRIVERTYPE_RS-DRIVERTYPE-YOUNG,,,,<= 0.05 g/dl,,
Blood Alcohol Concentration (BAC) limit for drivers,Europe,Slovenia,2017,Driver Type,General population,DRIVERTYPE_RS-DRIVERTYPE-GENERAL,,,,<= 0.05 g/dl,,
Blood Alcohol Concentration (BAC) limit for drivers,Europe,Spain,2017,Driver Type,General population,DRIVERTYPE_RS-DRIVERTYPE-GENERAL,,,,<= 0.05 g/dl,,
Blood Alcohol Concentration (BAC) limit for drivers,Americas,Suriname,2017,Driver Type,General population,DRIVERTYPE_RS-DRIVERTYPE-GENERAL,,,,<= 0.05 g/dl,,
Blood Alcohol Concentration (BAC) limit for drivers,Americas,Suriname,2017,Driver Type,young/novice drivers,DRIVERTYPE_RS-DRIVERTYPE-YOUNG,,,,<= 0.05 g/dl,,
Blood Alcohol Concentration (BAC) limit for drivers,South-East Asia,Thailand,2017,Driver Type,General population,DRIVERTYPE_RS-DRIVERTYPE-GENERAL,,,,<= 0.05 g/dl,,
Blood Alcohol Concentration (BAC) limit for drivers,South-East Asia,Timor-Leste,2017,Driver Type,General population,DRIVERTYPE_RS-DRIVERTYPE-GENERAL,,,,<= 0.05 g/dl,,
Blood Alcohol Concentration (BAC) limit for drivers,South-East Asia,Timor-Leste,2017,Driver Type,young/novice drivers,DRIVERTYPE_RS-DRIVERTYPE-YOUNG,,,,<= 0.05 g/dl,,
Blood Alcohol Concentration (BAC) limit for drivers,Africa,Angola,2017,Driver Type,General population,DRIVERTYPE_RS-DRIVERTYPE-GENERAL,,,,<= 0.06 g/dl,,
Blood Alcohol Concentration (BAC) limit for drivers,Africa,Angola,2017,Driver Type,young/novice drivers,DRIVERTYPE_RS-DRIVERTYPE-YOUNG,,,,<= 0.06 g/dl,,
Blood Alcohol Concentration (BAC) limit for drivers,South-East Asia,Bhutan,2017,Driver Type,General population,DRIVERTYPE_RS-DRIVERTYPE-GENERAL,,,,<= 0.08  g/dl,,
Blood Alcohol Concentration (BAC) limit for drivers,Americas,Barbados,2017,Driver Type,General population,DRIVERTYPE_RS-DRIVERTYPE-GENERAL,,,,<= 0.08 g/dl,,
Blood Alcohol Concentration (BAC) limit for drivers,Americas,Barbados,2017,Driver Type,young/novice drivers,DRIVERTYPE_RS-DRIVERTYPE-YOUNG,,,,<= 0.08 g/dl,,
Blood Alcohol Concentration (BAC) limit for drivers,Africa,Ethiopia,2017,Driver Type,General population,DRIVERTYPE_RS-DRIVERTYPE-GENERAL,,,,<= 0.08 g/dl,,
Blood Alcohol Concentration (BAC) limit for drivers,Africa,Ethiopia,2017,Driver Type,young/novice drivers,DRIVERTYPE_RS-DRIVERTYPE-YOUNG,,,,<= 0.08 g/dl,,
Blood Alcohol Concentration (BAC) limit for drivers,Africa,Ghana,2017,Driver Type,General population,DRIVERTYPE_RS-DRIVERTYPE-GENERAL,,,,<= 0.08 g/dl,,
Blood Alcohol Concentration (BAC) limit for drivers,Africa,Ghana,2017,Driver Type,young/novice drivers,DRIVERTYPE_RS-DRIVERTYPE-YOUNG,,,,<= 0.08 g/dl,,
Blood Alcohol Concentration (BAC) limit for drivers,Americas,Guyana,2017,Driver Type,General population,DRIVERTYPE_RS-DRIVERTYPE-GENERAL,,,,<= 0.08 g/dl,,
Blood Alcohol Concentration (BAC) limit for drivers,Americas,Guyana,2017,Driver Type,young/novice drivers,DRIVERTYPE_RS-DRIVERTYPE-YOUNG,,,,<= 0.08 g/dl,,
Blood Alcohol Concentration (BAC) limit for drivers,Americas,Jamaica,2017,Driver Type,General population,DRIVERTYPE_RS-DRIVERTYPE-GENERAL,,,,<= 0.08 g/dl,,
Blood Alcohol Concentration (BAC) limit for drivers,Americas,Jamaica,2017,Driver Type,young/novice drivers,DRIVERTYPE_RS-DRIVERTYPE-YOUNG,,,,<= 0.08 g/dl,,
Blood Alcohol Concentration (BAC) limit for drivers,Europe,Romania,2017,Driver Type,General population,DRIVERTYPE_RS-DRIVERTYPE-GENERAL,,,,<= 0.08 g/dl,,
Blood Alcohol Concentration (BAC) limit for drivers,Europe,Romania,2017,Driver Type,young/novice drivers,DRIVERTYPE_RS-DRIVERTYPE-YOUNG,,,,<= 0.08 g/dl,,
Blood Alcohol Concentration (BAC) limit for drivers,Europe,United Kingdom of Great Britain and Northern Ireland,2017,Driver Type,General population,DRIVERTYPE_RS-DRIVERTYPE-GENERAL,,,,<= 0.08 g/dl,,In Scotland legal BAC limit is  <= 0.05 g/dl
Blood Alcohol Concentration (BAC) limit for drivers,Europe,United Kingdom of Great Britain and Northern Ireland,2017,Driver Type,young/novice drivers,DRIVERTYPE_RS-DRIVERTYPE-YOUNG,,,,<= 0.08 g/dl,,In Scotland legal BAC limit is  <= 0.05 g/dl
Blood Alcohol Concentration (BAC) limit for drivers,Africa,Nigeria,2017,Driver Type,young/novice drivers,DRIVERTYPE_RS-DRIVERTYPE-YOUNG,,,,<=0.002 g/dl,,"The legislation, as amended in 2016, refers to an alcohol legal limit of �0.002� for young or novice drivers but does not specify the unit to consider"
Blood Alcohol Concentration (BAC) limit for drivers,Americas,Cuba,2017,Driver Type,General population,DRIVERTYPE_RS-DRIVERTYPE-GENERAL,,,,<=0.01 g/dl,,
Blood Alcohol Concentration (BAC) limit for drivers,Africa,Burkina Faso,2017,Driver Type,young/novice drivers,DRIVERTYPE_RS-DRIVERTYPE-YOUNG,,,,<=0.02 g/dl,,
Blood Alcohol Concentration (BAC) limit for drivers,Europe,Cyprus,2017,Driver Type,young/novice drivers,DRIVERTYPE_RS-DRIVERTYPE-YOUNG,,,,<=0.02 g/dl,,
Blood Alcohol Concentration (BAC) limit for drivers,Europe,Bosnia and Herzegovina,2017,Driver Type,General population,DRIVERTYPE_RS-DRIVERTYPE-GENERAL,,,,<=0.03  g/dl,,
Blood Alcohol Concentration (BAC) limit for drivers,Europe,Czechia,2017,Driver Type,General population,DRIVERTYPE_RS-DRIVERTYPE-GENERAL,,,,<=0.03 g/dl,,
Blood Alcohol Concentration (BAC) limit for drivers,Europe,Czechia,2017,Driver Type,young/novice drivers,DRIVERTYPE_RS-DRIVERTYPE-YOUNG,,,,<=0.03 g/dl,,
Blood Alcohol Concentration (BAC) limit for drivers,Europe,Montenegro,2017,Driver Type,General population,DRIVERTYPE_RS-DRIVERTYPE-GENERAL,,,,<=0.03 g/dl,,
Blood Alcohol Concentration (BAC) limit for drivers,Europe,Russian Federation,2017,Driver Type,General population,DRIVERTYPE_RS-DRIVERTYPE-GENERAL,,,,<=0.03 g/dl,,"Law based on breath alcohol concentration, values converted to BAC"
Blood Alcohol Concentration (BAC) limit for drivers,Europe,Russian Federation,2017,Driver Type,young/novice drivers,DRIVERTYPE_RS-DRIVERTYPE-YOUNG,,,,<=0.03 g/dl,,"Law based on breath alcohol concentration, values converted to BAC"
Blood Alcohol Concentration (BAC) limit for drivers,Europe,Serbia,2017,Driver Type,General population,DRIVERTYPE_RS-DRIVERTYPE-GENERAL,,,,<=0.03 g/dl,,
Blood Alcohol Concentration (BAC) limit for drivers,Europe,Spain,2017,Driver Type,young/novice drivers,DRIVERTYPE_RS-DRIVERTYPE-YOUNG,,,,<=0.03 g/dl,,
Blood Alcohol Concentration (BAC) limit for drivers,Europe,Armenia,2017,Driver Type,General population,DRIVERTYPE_RS-DRIVERTYPE-GENERAL,,,,<=0.04 g/dl,,
Blood Alcohol Concentration (BAC) limit for drivers,Europe,Armenia,2017,Driver Type,young/novice drivers,DRIVERTYPE_RS-DRIVERTYPE-YOUNG,,,,<=0.04 g/dl,,
Blood Alcohol Concentration (BAC) limit for drivers,Europe,Lithuania,2017,Driver Type,General population,DRIVERTYPE_RS-DRIVERTYPE-GENERAL,,,,<=0.04 g/dl,,
Blood Alcohol Concentration (BAC) limit for drivers,Africa,Mauritius,2017,Driver Type,young/novice drivers,DRIVERTYPE_RS-DRIVERTYPE-YOUNG,,,,<=0.05,,
Blood Alcohol Concentration (BAC) limit for drivers,Europe,Albania,2017,Driver Type,young/novice drivers,DRIVERTYPE_RS-DRIVERTYPE-YOUNG,,,,<=0.05  g/dl,,
Blood Alcohol Concentration (BAC) limit for drivers,Americas,Bolivia (Plurinational State of),2017,Driver Type,General population,DRIVERTYPE_RS-DRIVERTYPE-GENERAL,,,,<=0.05  g/dl,,
Blood Alcohol Concentration (BAC) limit for drivers,Africa,Botswana,2017,Driver Type,General population,DRIVERTYPE_RS-DRIVERTYPE-GENERAL,,,,<=0.05  g/dl,,
Blood Alcohol Concentration (BAC) limit for drivers,Europe,Bulgaria,2017,Driver Type,General population,DRIVERTYPE_RS-DRIVERTYPE-GENERAL,,,,<=0.05  g/dl,,
Blood Alcohol Concentration (BAC) limit for drivers,Africa,Burkina Faso,2017,Driver Type,General population,DRIVERTYPE_RS-DRIVERTYPE-GENERAL,,,,<=0.05  g/dl,,
Blood Alcohol Concentration (BAC) limit for drivers,Europe,Albania,2017,Driver Type,General population,DRIVERTYPE_RS-DRIVERTYPE-GENERAL,,,,<=0.05 g/dl,,
Blood Alcohol Concentration (BAC) limit for drivers,Americas,Argentina,2017,Driver Type,General population,DRIVERTYPE_RS-DRIVERTYPE-GENERAL,,,,<=0.05 g/dl,,<=0.2 g/l for motorcycles drivers
Blood Alcohol Concentration (BAC) limit for drivers,Americas,Argentina,2017,Driver Type,young/novice drivers,DRIVERTYPE_RS-DRIVERTYPE-YOUNG,,,,<=0.05 g/dl,,<=0.2 g/l for motorcycles drivers
Blood Alcohol Concentration (BAC) limit for drivers,Americas,Bolivia (Plurinational State of),2017,Driver Type,young/novice drivers,DRIVERTYPE_RS-DRIVERTYPE-YOUNG,,,,<=0.05 g/dl,,
Blood Alcohol Concentration (BAC) limit for drivers,Africa,Botswana,2017,Driver Type,young/novice drivers,DRIVERTYPE_RS-DRIVERTYPE-YOUNG,,,,<=0.05 g/dl,,
Blood Alcohol Concentration (BAC) limit for drivers,Europe,Bulgaria,2017,Driver Type,young/novice drivers,DRIVERTYPE_RS-DRIVERTYPE-YOUNG,,,,<=0.05 g/dl,,
Blood Alcohol Concentration (BAC) limit for drivers,Europe,Croatia,2017,Driver Type,General population,DRIVERTYPE_RS-DRIVERTYPE-GENERAL,,,,<=0.05 g/dl,,
Blood Alcohol Concentration (BAC) limit for drivers,Europe,Cyprus,2017,Driver Type,General population,DRIVERTYPE_RS-DRIVERTYPE-GENERAL,,,,<=0.05 g/dl,,
Blood Alcohol Concentration (BAC) limit for drivers,Europe,Denmark,2017,Driver Type,General population,DRIVERTYPE_RS-DRIVERTYPE-GENERAL,,,,<=0.05 g/dl,,
Blood Alcohol Concentration (BAC) limit for drivers,Europe,Denmark,2017,Driver Type,young/novice drivers,DRIVERTYPE_RS-DRIVERTYPE-YOUNG,,,,<=0.05 g/dl,,
Blood Alcohol Concentration (BAC) limit for drivers,Americas,Dominican Republic,2017,Driver Type,General population,DRIVERTYPE_RS-DRIVERTYPE-GENERAL,,,,<=0.05 g/dl,,
Blood Alcohol Concentration (BAC) limit for drivers,Africa,Eritrea,2017,Driver Type,General population,DRIVERTYPE_RS-DRIVERTYPE-GENERAL,,,,<=0.05 g/dl,,
Blood Alcohol Concentration (BAC) limit for drivers,Africa,Eritrea,2017,Driver Type,young/novice drivers,DRIVERTYPE_RS-DRIVERTYPE-YOUNG,,,,<=0.05 g/dl,,
Blood Alcohol Concentration (BAC) limit for drivers,Africa,Guinea-Bissau,2017,Driver Type,General population,DRIVERTYPE_RS-DRIVERTYPE-GENERAL,,,,<=0.05 g/dl,,
Blood Alcohol Concentration (BAC) limit for drivers,Africa,Guinea-Bissau,2017,Driver Type,young/novice drivers,DRIVERTYPE_RS-DRIVERTYPE-YOUNG,,,,<=0.05 g/dl,,
Blood Alcohol Concentration (BAC) limit for drivers,Europe,Italy,2017,Driver Type,General population,DRIVERTYPE_RS-DRIVERTYPE-GENERAL,,,,<=0.05 g/dl,,
Blood Alcohol Concentration (BAC) limit for drivers,Western Pacific,Kiribati,2017,Driver Type,General population,DRIVERTYPE_RS-DRIVERTYPE-GENERAL,,,,<=0.05 g/dl,,"BAC limit introduced by the traffic act 2017, at December 2017, the notice of commencement had not yet been signed"
Blood Alcohol Concentration (BAC) limit for drivers,Western Pacific,Lao People's Democratic Republic,2017,Driver Type,General population,DRIVERTYPE_RS-DRIVERTYPE-GENERAL,,,,<=0.05 g/dl,,
Blood Alcohol Concentration (BAC) limit for drivers,Western Pacific,Lao People's Democratic Republic,2017,Driver Type,young/novice drivers,DRIVERTYPE_RS-DRIVERTYPE-YOUNG,,,,<=0.05 g/dl,,
Blood Alcohol Concentration (BAC) limit for drivers,Africa,Mauritius,2017,Driver Type,General population,DRIVERTYPE_RS-DRIVERTYPE-GENERAL,,,,<=0.05 g/dl,,
Blood Alcohol Concentration (BAC) limit for drivers,Western Pacific,New Zealand,2017,Driver Type,General population,DRIVERTYPE_RS-DRIVERTYPE-GENERAL,,,,<=0.05 g/dl,,
Blood Alcohol Concentration (BAC) limit for drivers,Africa,Nigeria,2017,Driver Type,General population,DRIVERTYPE_RS-DRIVERTYPE-GENERAL,,,,<=0.05 g/dl,,"The legislation, as amended in 2016, refers to an alcohol legal limit of �0.05� for the general population but does not specify the unit to consider"
Blood Alcohol Concentration (BAC) limit for drivers,Europe,North Macedonia,2017,Driver Type,General population,DRIVERTYPE_RS-DRIVERTYPE-GENERAL,,,,<=0.05 g/dl,,
Blood Alcohol Concentration (BAC) limit for drivers,Americas,Peru,2017,Driver Type,General population,DRIVERTYPE_RS-DRIVERTYPE-GENERAL,,,,<=0.05 g/dl,,
Blood Alcohol Concentration (BAC) limit for drivers,Americas,Peru,2017,Driver Type,young/novice drivers,DRIVERTYPE_RS-DRIVERTYPE-YOUNG,,,,<=0.05 g/dl,,
Blood Alcohol Concentration (BAC) limit for drivers,Europe,Türkiye,2017,Driver Type,General population,DRIVERTYPE_RS-DRIVERTYPE-GENERAL,,,,<=0.05 g/dl,,
Blood Alcohol Concentration (BAC) limit for drivers,Europe,Türkiye,2017,Driver Type,young/novice drivers,DRIVERTYPE_RS-DRIVERTYPE-YOUNG,,,,<=0.05 g/dl,,
Blood Alcohol Concentration (BAC) limit for drivers,Africa,Namibia,2017,Driver Type,General population,DRIVERTYPE_RS-DRIVERTYPE-GENERAL,,,,<=0.079 g/dl,,
Blood Alcohol Concentration (BAC) limit for drivers,Africa,Namibia,2017,Driver Type,young/novice drivers,DRIVERTYPE_RS-DRIVERTYPE-YOUNG,,,,<=0.079 g/dl,,
Blood Alcohol Concentration (BAC) limit for drivers,Americas,Belize,2017,Driver Type,General population,DRIVERTYPE_RS-DRIVERTYPE-GENERAL,,,,<=0.08  g/dl,,
Blood Alcohol Concentration (BAC) limit for drivers,Africa,Burundi,2017,Driver Type,General population,DRIVERTYPE_RS-DRIVERTYPE-GENERAL,,,,<=0.08  g/dl,,
Blood Alcohol Concentration (BAC) limit for drivers,Africa,Cameroon,2017,Driver Type,General population,DRIVERTYPE_RS-DRIVERTYPE-GENERAL,,,,<=0.08  g/dl,,
Blood Alcohol Concentration (BAC) limit for drivers,Americas,Belize,2017,Driver Type,young/novice drivers,DRIVERTYPE_RS-DRIVERTYPE-YOUNG,,,,<=0.08 g/dl,,
Blood Alcohol Concentration (BAC) limit for drivers,Africa,Burundi,2017,Driver Type,young/novice drivers,DRIVERTYPE_RS-DRIVERTYPE-YOUNG,,,,<=0.08 g/dl,,
Blood Alcohol Concentration (BAC) limit for drivers,Africa,Cameroon,2017,Driver Type,young/novice drivers,DRIVERTYPE_RS-DRIVERTYPE-YOUNG,,,,<=0.08 g/dl,,
Blood Alcohol Concentration (BAC) limit for drivers,Africa,Central African Republic,2017,Driver Type,General population,DRIVERTYPE_RS-DRIVERTYPE-GENERAL,,,,<=0.08 g/dl,,
Blood Alcohol Concentration (BAC) limit for drivers,Africa,Central African Republic,2017,Driver Type,young/novice drivers,DRIVERTYPE_RS-DRIVERTYPE-YOUNG,,,,<=0.08 g/dl,,
Blood Alcohol Concentration (BAC) limit for drivers,Africa,Chad,2017,Driver Type,General population,DRIVERTYPE_RS-DRIVERTYPE-GENERAL,,,,<=0.08 g/dl,,
Blood Alcohol Concentration (BAC) limit for drivers,Africa,Chad,2017,Driver Type,young/novice drivers,DRIVERTYPE_RS-DRIVERTYPE-YOUNG,,,,<=0.08 g/dl,,
Blood Alcohol Concentration (BAC) limit for drivers,Africa,Congo,2017,Driver Type,General population,DRIVERTYPE_RS-DRIVERTYPE-GENERAL,,,,<=0.08 g/dl,,
Blood Alcohol Concentration (BAC) limit for drivers,Africa,Congo,2017,Driver Type,young/novice drivers,DRIVERTYPE_RS-DRIVERTYPE-YOUNG,,,,<=0.08 g/dl,,
Blood Alcohol Concentration (BAC) limit for drivers,Western Pacific,Cook Islands,2017,Driver Type,General population,DRIVERTYPE_RS-DRIVERTYPE-GENERAL,,,,<=0.08 g/dl,,
Blood Alcohol Concentration (BAC) limit for drivers,Western Pacific,Cook Islands,2017,Driver Type,young/novice drivers,DRIVERTYPE_RS-DRIVERTYPE-YOUNG,,,,<=0.08 g/dl,,
Blood Alcohol Concentration (BAC) limit for drivers,Americas,Dominica,2017,Driver Type,General population,DRIVERTYPE_RS-DRIVERTYPE-GENERAL,,,,<=0.08 g/dl,,
Blood Alcohol Concentration (BAC) limit for drivers,Americas,Dominica,2017,Driver Type,young/novice drivers,DRIVERTYPE_RS-DRIVERTYPE-YOUNG,,,,<=0.08 g/dl,,
Blood Alcohol Concentration (BAC) limit for drivers,Africa,Equatorial Guinea,2017,Driver Type,General population,DRIVERTYPE_RS-DRIVERTYPE-GENERAL,,,,<=0.08 g/dl,,
Blood Alcohol Concentration (BAC) limit for drivers,Africa,Equatorial Guinea,2017,Driver Type,young/novice drivers,DRIVERTYPE_RS-DRIVERTYPE-YOUNG,,,,<=0.08 g/dl,,
Blood Alcohol Concentration (BAC) limit for drivers,Western Pacific,Fiji,2017,Driver Type,General population,DRIVERTYPE_RS-DRIVERTYPE-GENERAL,,,,<=0.08 g/dl,,
Blood Alcohol Concentration (BAC) limit for drivers,Africa,Gabon,2017,Driver Type,General population,DRIVERTYPE_RS-DRIVERTYPE-GENERAL,,,,<=0.08 g/dl,,
Blood Alcohol Concentration (BAC) limit for drivers,Africa,Gabon,2017,Driver Type,young/novice drivers,DRIVERTYPE_RS-DRIVERTYPE-YOUNG,,,,<=0.08 g/dl,,
Blood Alcohol Concentration (BAC) limit for drivers,Africa,Kenya,2017,Driver Type,General population,DRIVERTYPE_RS-DRIVERTYPE-GENERAL,,,,<=0.08 g/dl,,
Blood Alcohol Concentration (BAC) limit for drivers,Africa,Kenya,2017,Driver Type,young/novice drivers,DRIVERTYPE_RS-DRIVERTYPE-YOUNG,,,,<=0.08 g/dl,,
Blood Alcohol Concentration (BAC) limit for drivers,Africa,Lesotho,2017,Driver Type,General population,DRIVERTYPE_RS-DRIVERTYPE-GENERAL,,,,<=0.08 g/dl,,
Blood Alcohol Concentration (BAC) limit for drivers,Africa,Lesotho,2017,Driver Type,young/novice drivers,DRIVERTYPE_RS-DRIVERTYPE-YOUNG,,,,<=0.08 g/dl,,
Blood Alcohol Concentration (BAC) limit for drivers,Western Pacific,Malaysia,2017,Driver Type,General population,DRIVERTYPE_RS-DRIVERTYPE-GENERAL,,,,<=0.08 g/dl,,
Blood Alcohol Concentration (BAC) limit for drivers,Western Pacific,Malaysia,2017,Driver Type,young/novice drivers,DRIVERTYPE_RS-DRIVERTYPE-YOUNG,,,,<=0.08 g/dl,,
Blood Alcohol Concentration (BAC) limit for drivers,Africa,Rwanda,2017,Driver Type,General population,DRIVERTYPE_RS-DRIVERTYPE-GENERAL,,,,<=0.08 g/dl,,
Blood Alcohol Concentration (BAC) limit for drivers,Africa,Rwanda,2017,Driver Type,young/novice drivers,DRIVERTYPE_RS-DRIVERTYPE-YOUNG,,,,<=0.08 g/dl,,
Blood Alcohol Concentration (BAC) limit for drivers,Americas,Saint Lucia,2017,Driver Type,General population,DRIVERTYPE_RS-DRIVERTYPE-GENERAL,,,,<=0.08 g/dl,,
Blood Alcohol Concentration (BAC) limit for drivers,Americas,Saint Lucia,2017,Driver Type,young/novice drivers,DRIVERTYPE_RS-DRIVERTYPE-YOUNG,,,,<=0.08 g/dl,,
Blood Alcohol Concentration (BAC) limit for drivers,Western Pacific,Samoa,2017,Driver Type,General population,DRIVERTYPE_RS-DRIVERTYPE-GENERAL,,,,<=0.08 g/dl,,
Blood Alcohol Concentration (BAC) limit for drivers,Western Pacific,Samoa,2017,Driver Type,young/novice drivers,DRIVERTYPE_RS-DRIVERTYPE-YOUNG,,,,<=0.08 g/dl,,
Blood Alcohol Concentration (BAC) limit for drivers,Africa,Seychelles,2017,Driver Type,General population,DRIVERTYPE_RS-DRIVERTYPE-GENERAL,,,,<=0.08 g/dl,,
Blood Alcohol Concentration (BAC) limit for drivers,Africa,Seychelles,2017,Driver Type,young/novice drivers,DRIVERTYPE_RS-DRIVERTYPE-YOUNG,,,,<=0.08 g/dl,,
Blood Alcohol Concentration (BAC) limit for drivers,Western Pacific,Singapore,2017,Driver Type,General population,DRIVERTYPE_RS-DRIVERTYPE-GENERAL,,,,<=0.08 g/dl,,
Blood Alcohol Concentration (BAC) limit for drivers,Western Pacific,Singapore,2017,Driver Type,young/novice drivers,DRIVERTYPE_RS-DRIVERTYPE-YOUNG,,,,<=0.08 g/dl,,
Blood Alcohol Concentration (BAC) limit for drivers,Americas,Trinidad and Tobago,2017,Driver Type,General population,DRIVERTYPE_RS-DRIVERTYPE-GENERAL,,,,<=0.08 g/dl,,
Blood Alcohol Concentration (BAC) limit for drivers,Americas,Trinidad and Tobago,2017,Driver Type,young/novice drivers,DRIVERTYPE_RS-DRIVERTYPE-YOUNG,,,,<=0.08 g/dl,,
Blood Alcohol Concentration (BAC) limit for drivers,Africa,Uganda,2017,Driver Type,General population,DRIVERTYPE_RS-DRIVERTYPE-GENERAL,,,,<=0.08 g/dl,,
Blood Alcohol Concentration (BAC) limit for drivers,Africa,Uganda,2017,Driver Type,young/novice drivers,DRIVERTYPE_RS-DRIVERTYPE-YOUNG,,,,<=0.08 g/dl,,
Blood Alcohol Concentration (BAC) limit for drivers,Africa,United Republic of Tanzania,2017,Driver Type,General population,DRIVERTYPE_RS-DRIVERTYPE-GENERAL,,,,<=0.08 g/dl,,
Blood Alcohol Concentration (BAC) limit for drivers,Africa,United Republic of Tanzania,2017,Driver Type,young/novice drivers,DRIVERTYPE_RS-DRIVERTYPE-YOUNG,,,,<=0.08 g/dl,,
Blood Alcohol Concentration (BAC) limit for drivers,Americas,United States of America,2017,Driver Type,General population,DRIVERTYPE_RS-DRIVERTYPE-GENERAL,,,,<=0.08 g/dl,,
Blood Alcohol Concentration (BAC) limit for drivers,Europe,Austria,2017,Driver Type,young/novice drivers,DRIVERTYPE_RS-DRIVERTYPE-YOUNG,,,,<0.01 g/dl,,
Blood Alcohol Concentration (BAC) limit for drivers,Western Pacific,China,2017,Driver Type,General population,DRIVERTYPE_RS-DRIVERTYPE-GENERAL,,,,<0.02 g/dl,,
Blood Alcohol Concentration (BAC) limit for drivers,Western Pacific,China,2017,Driver Type,young/novice drivers,DRIVERTYPE_RS-DRIVERTYPE-YOUNG,,,,<0.02 g/dl,,
Blood Alcohol Concentration (BAC) limit for drivers,Americas,Colombia,2017,Driver Type,General population,DRIVERTYPE_RS-DRIVERTYPE-GENERAL,,,,<0.02 g/dl,,
Blood Alcohol Concentration (BAC) limit for drivers,Americas,Colombia,2017,Driver Type,young/novice drivers,DRIVERTYPE_RS-DRIVERTYPE-YOUNG,,,,<0.02 g/dl,,
Blood Alcohol Concentration (BAC) limit for drivers,Europe,Estonia,2017,Driver Type,General population,DRIVERTYPE_RS-DRIVERTYPE-GENERAL,,,,<0.02 g/dl,,
Blood Alcohol Concentration (BAC) limit for drivers,Europe,Estonia,2017,Driver Type,young/novice drivers,DRIVERTYPE_RS-DRIVERTYPE-YOUNG,,,,<0.02 g/dl,,
Blood Alcohol Concentration (BAC) limit for drivers,Europe,France,2017,Driver Type,young/novice drivers,DRIVERTYPE_RS-DRIVERTYPE-YOUNG,,,,<0.02 g/dl,,
Blood Alcohol Concentration (BAC) limit for drivers,Eastern Mediterranean,Morocco,2017,Driver Type,General population,DRIVERTYPE_RS-DRIVERTYPE-GENERAL,,,,<0.02 g/dl,,
Blood Alcohol Concentration (BAC) limit for drivers,Eastern Mediterranean,Morocco,2017,Driver Type,young/novice drivers,DRIVERTYPE_RS-DRIVERTYPE-YOUNG,,,,<0.02 g/dl,,
Blood Alcohol Concentration (BAC) limit for drivers,Europe,Belarus,2017,Driver Type,General population,DRIVERTYPE_RS-DRIVERTYPE-GENERAL,,,,<0.03 g/dl,,
Blood Alcohol Concentration (BAC) limit for drivers,Europe,Belarus,2017,Driver Type,young/novice drivers,DRIVERTYPE_RS-DRIVERTYPE-YOUNG,,,,<0.03 g/dl,,
Blood Alcohol Concentration (BAC) limit for drivers,Western Pacific,Japan,2017,Driver Type,General population,DRIVERTYPE_RS-DRIVERTYPE-GENERAL,,,,<0.03 g/dl,,
Blood Alcohol Concentration (BAC) limit for drivers,Western Pacific,Japan,2017,Driver Type,young/novice drivers,DRIVERTYPE_RS-DRIVERTYPE-YOUNG,,,,<0.03 g/dl,,
Blood Alcohol Concentration (BAC) limit for drivers,Africa,Mali,2017,Driver Type,General population,DRIVERTYPE_RS-DRIVERTYPE-GENERAL,,,,<0.03 g/dl,,
Blood Alcohol Concentration (BAC) limit for drivers,Africa,Mali,2017,Driver Type,young/novice drivers,DRIVERTYPE_RS-DRIVERTYPE-YOUNG,,,,<0.03 g/dl,,
Blood Alcohol Concentration (BAC) limit for drivers,Western Pacific,Tonga,2017,Driver Type,General population,DRIVERTYPE_RS-DRIVERTYPE-GENERAL,,,,<0.03 g/dl,,"Law based on breath alcohol concentration, values converted to BAC"
Blood Alcohol Concentration (BAC) limit for drivers,Western Pacific,Tonga,2017,Driver Type,young/novice drivers,DRIVERTYPE_RS-DRIVERTYPE-YOUNG,,,,<0.03 g/dl,,"Law based on breath alcohol concentration, values converted to BAC"
Blood Alcohol Concentration (BAC) limit for drivers,Eastern Mediterranean,Tunisia,2017,Driver Type,General population,DRIVERTYPE_RS-DRIVERTYPE-GENERAL,,,,<0.03 g/dl,,
Blood Alcohol Concentration (BAC) limit for drivers,Western Pacific,Mongolia,2017,Driver Type,General population,DRIVERTYPE_RS-DRIVERTYPE-GENERAL,,,,<0.04 g/dl,,"Law based on breath alcohol concentration, values converted to BAC"
Blood Alcohol Concentration (BAC) limit for drivers,Western Pacific,Mongolia,2017,Driver Type,young/novice drivers,DRIVERTYPE_RS-DRIVERTYPE-YOUNG,,,,<0.04 g/dl,,"Law based on breath alcohol concentration, values converted to BAC"
Blood Alcohol Concentration (BAC) limit for drivers,Europe,Belgium,2017,Driver Type,General population,DRIVERTYPE_RS-DRIVERTYPE-GENERAL,,,,<0.05  g/dl,,
Blood Alcohol Concentration (BAC) limit for drivers,Western Pacific,Cambodia,2017,Driver Type,General population,DRIVERTYPE_RS-DRIVERTYPE-GENERAL,,,,<0.05  g/dl,,
Blood Alcohol Concentration (BAC) limit for drivers,Europe,Austria,2017,Driver Type,General population,DRIVERTYPE_RS-DRIVERTYPE-GENERAL,,,,<0.05 g/dl,,
Blood Alcohol Concentration (BAC) limit for drivers,Europe,Belgium,2017,Driver Type,young/novice drivers,DRIVERTYPE_RS-DRIVERTYPE-YOUNG,,,,<0.05 g/dl,,
Blood Alcohol Concentration (BAC) limit for drivers,Western Pacific,Cambodia,2017,Driver Type,young/novice drivers,DRIVERTYPE_RS-DRIVERTYPE-YOUNG,,,,<0.05 g/dl,,
Blood Alcohol Concentration (BAC) limit for drivers,Americas,El Salvador,2017,Driver Type,General population,DRIVERTYPE_RS-DRIVERTYPE-GENERAL,,,,<0.05 g/dl,,
Blood Alcohol Concentration (BAC) limit for drivers,Americas,El Salvador,2017,Driver Type,young/novice drivers,DRIVERTYPE_RS-DRIVERTYPE-YOUNG,,,,<0.05 g/dl,,
Blood Alcohol Concentration (BAC) limit for drivers,Africa,Eswatini,2017,Driver Type,General population,DRIVERTYPE_RS-DRIVERTYPE-GENERAL,,,,<0.05 g/dl,,
Blood Alcohol Concentration (BAC) limit for drivers,Africa,Eswatini,2017,Driver Type,young/novice drivers,DRIVERTYPE_RS-DRIVERTYPE-YOUNG,,,,<0.05 g/dl,,
Blood Alcohol Concentration (BAC) limit for drivers,Europe,Finland,2017,Driver Type,General population,DRIVERTYPE_RS-DRIVERTYPE-GENERAL,,,,<0.05 g/dl,,
Blood Alcohol Concentration (BAC) limit for drivers,Europe,Finland,2017,Driver Type,young/novice drivers,DRIVERTYPE_RS-DRIVERTYPE-YOUNG,,,,<0.05 g/dl,,
Blood Alcohol Concentration (BAC) limit for drivers,Europe,France,2017,Driver Type,General population,DRIVERTYPE_RS-DRIVERTYPE-GENERAL,,,,<0.05 g/dl,,
Blood Alcohol Concentration (BAC) limit for drivers,Europe,Germany,2017,Driver Type,General population,DRIVERTYPE_RS-DRIVERTYPE-GENERAL,,,,<0.05 g/dl,,
Blood Alcohol Concentration (BAC) limit for drivers,Europe,Iceland,2017,Driver Type,General population,DRIVERTYPE_RS-DRIVERTYPE-GENERAL,,,,<0.05 g/dl,,
Blood Alcohol Concentration (BAC) limit for drivers,Europe,Iceland,2017,Driver Type,young/novice drivers,DRIVERTYPE_RS-DRIVERTYPE-YOUNG,,,,<0.05 g/dl,,
Blood Alcohol Concentration (BAC) limit for drivers,Europe,Kazakhstan,2017,Driver Type,General population,DRIVERTYPE_RS-DRIVERTYPE-GENERAL,,,,<0.05 g/dl,,
Blood Alcohol Concentration (BAC) limit for drivers,Europe,Kazakhstan,2017,Driver Type,young/novice drivers,DRIVERTYPE_RS-DRIVERTYPE-YOUNG,,,,<0.05 g/dl,,
Blood Alcohol Concentration (BAC) limit for drivers,Western Pacific,Philippines,2017,Driver Type,General population,DRIVERTYPE_RS-DRIVERTYPE-GENERAL,,,,<0.05 g/dl,,
Blood Alcohol Concentration (BAC) limit for drivers,Western Pacific,Philippines,2017,Driver Type,young/novice drivers,DRIVERTYPE_RS-DRIVERTYPE-YOUNG,,,,<0.05 g/dl,,
Blood Alcohol Concentration (BAC) limit for drivers,Western Pacific,Republic of Korea,2017,Driver Type,General population,DRIVERTYPE_RS-DRIVERTYPE-GENERAL,,,,<0.05 g/dl,,
Blood Alcohol Concentration (BAC) limit for drivers,Western Pacific,Republic of Korea,2017,Driver Type,young/novice drivers,DRIVERTYPE_RS-DRIVERTYPE-YOUNG,,,,<0.05 g/dl,,
Blood Alcohol Concentration (BAC) limit for drivers,Western Pacific,Solomon Islands,2017,Driver Type,General population,DRIVERTYPE_RS-DRIVERTYPE-GENERAL,,,,<0.05 g/dl,,
Blood Alcohol Concentration (BAC) limit for drivers,Western Pacific,Solomon Islands,2017,Driver Type,young/novice drivers,DRIVERTYPE_RS-DRIVERTYPE-YOUNG,,,,<0.05 g/dl,,
Blood Alcohol Concentration (BAC) limit for drivers,Africa,South Africa,2017,Driver Type,General population,DRIVERTYPE_RS-DRIVERTYPE-GENERAL,,,,<0.05 g/dl,,
Blood Alcohol Concentration (BAC) limit for drivers,Africa,South Africa,2017,Driver Type,young/novice drivers,DRIVERTYPE_RS-DRIVERTYPE-YOUNG,,,,<0.05 g/dl,,
Blood Alcohol Concentration (BAC) limit for drivers,Africa,Mozambique,2017,Driver Type,General population,DRIVERTYPE_RS-DRIVERTYPE-GENERAL,,,,<0.06 g/dl,,
Blood Alcohol Concentration (BAC) limit for drivers,Africa,Mozambique,2017,Driver Type,young/novice drivers,DRIVERTYPE_RS-DRIVERTYPE-YOUNG,,,,<0.06 g/dl,,
Blood Alcohol Concentration (BAC) limit for drivers,Americas,Honduras,2017,Driver Type,General population,DRIVERTYPE_RS-DRIVERTYPE-GENERAL,,,,<0.07 g/dl,,
Blood Alcohol Concentration (BAC) limit for drivers,Americas,Honduras,2017,Driver Type,young/novice drivers,DRIVERTYPE_RS-DRIVERTYPE-YOUNG,,,,<0.07 g/dl,,
Blood Alcohol Concentration (BAC) limit for drivers,Africa,Cabo Verde,2017,Driver Type,General population,DRIVERTYPE_RS-DRIVERTYPE-GENERAL,,,,<0.08  g/dl,,
Blood Alcohol Concentration (BAC) limit for drivers,Africa,Cote d'Ivoire,2017,Driver Type,General population,DRIVERTYPE_RS-DRIVERTYPE-GENERAL,,,,<0.08 g/dl,,
Blood Alcohol Concentration (BAC) limit for drivers,Africa,Cote d'Ivoire,2017,Driver Type,young/novice drivers,DRIVERTYPE_RS-DRIVERTYPE-YOUNG,,,,<0.08 g/dl,,
Blood Alcohol Concentration (BAC) limit for drivers,Africa,Cabo Verde,2017,Driver Type,young/novice drivers,DRIVERTYPE_RS-DRIVERTYPE-YOUNG,,,,<0.08 g/dl,,
Blood Alcohol Concentration (BAC) limit for drivers,Africa,Guinea,2017,Driver Type,General population,DRIVERTYPE_RS-DRIVERTYPE-GENERAL,,,,<0.08 g/dl,,
Blood Alcohol Concentration (BAC) limit for drivers,Africa,Guinea,2017,Driver Type,young/novice drivers,DRIVERTYPE_RS-DRIVERTYPE-YOUNG,,,,<0.08 g/dl,,
Blood Alcohol Concentration (BAC) limit for drivers,Eastern Mediterranean,Jordan,2017,Driver Type,General population,DRIVERTYPE_RS-DRIVERTYPE-GENERAL,,,,<0.08 g/dl,,
Blood Alcohol Concentration (BAC) limit for drivers,Eastern Mediterranean,Jordan,2017,Driver Type,young/novice drivers,DRIVERTYPE_RS-DRIVERTYPE-YOUNG,,,,<0.08 g/dl,,
Blood Alcohol Concentration (BAC) limit for drivers,Africa,Madagascar,2017,Driver Type,General population,DRIVERTYPE_RS-DRIVERTYPE-GENERAL,,,,<0.08 g/dl,,
Blood Alcohol Concentration (BAC) limit for drivers,Africa,Madagascar,2017,Driver Type,young/novice drivers,DRIVERTYPE_RS-DRIVERTYPE-YOUNG,,,,<0.08 g/dl,,
Blood Alcohol Concentration (BAC) limit for drivers,Africa,Malawi,2017,Driver Type,General population,DRIVERTYPE_RS-DRIVERTYPE-GENERAL,,,,<0.08 g/dl,,
Blood Alcohol Concentration (BAC) limit for drivers,Africa,Malawi,2017,Driver Type,young/novice drivers,DRIVERTYPE_RS-DRIVERTYPE-YOUNG,,,,<0.08 g/dl,,
Blood Alcohol Concentration (BAC) limit for drivers,Africa,Zimbabwe,2017,Driver Type,General population,DRIVERTYPE_RS-DRIVERTYPE-GENERAL,,,,<0.08 g/dl,,
Blood Alcohol Concentration (BAC) limit for drivers,Africa,Zimbabwe,2017,Driver Type,young/novice drivers,DRIVERTYPE_RS-DRIVERTYPE-YOUNG,,,,<0.08 g/dl,,
Blood Alcohol Concentration (BAC) limit for drivers,Africa,Democratic Republic of the Congo,2017,Driver Type,General population,DRIVERTYPE_RS-DRIVERTYPE-GENERAL,,,,<0.10 g/dl,,
Blood Alcohol Concentration (BAC) limit for drivers,Africa,Democratic Republic of the Congo,2017,Driver Type,young/novice drivers,DRIVERTYPE_RS-DRIVERTYPE-YOUNG,,,,<0.10 g/dl,,
Blood Alcohol Concentration (BAC) limit for drivers,Africa,Sao Tome and Principe,2017,Driver Type,General population,DRIVERTYPE_RS-DRIVERTYPE-GENERAL,,,,<0.12 g/dl,,
Blood Alcohol Concentration (BAC) limit for drivers,Africa,Sao Tome and Principe,2017,Driver Type,young/novice drivers,DRIVERTYPE_RS-DRIVERTYPE-YOUNG,,,,<0.12 g/dl,,
Blood Alcohol Concentration (BAC) limit for drivers,Africa,Liberia,2017,Driver Type,General population,DRIVERTYPE_RS-DRIVERTYPE-GENERAL,,,,<0.15 g/dl,,Except for drivers of public transport and dangerous cargo subject to a blood alcohol concentration limit of 0.00 g/dl
Blood Alcohol Concentration (BAC) limit for drivers,Africa,Liberia,2017,Driver Type,young/novice drivers,DRIVERTYPE_RS-DRIVERTYPE-YOUNG,,,,<0.15 g/dl,,Over this limit there is a presumption of alcohol impairment (from 0.05 to 0.15 no presumption established but the alcohol concentration can be used to decide on the guilt or innocence of the driver)
Blood Alcohol Concentration (BAC) limit for drivers,Americas,Brazil,2017,Driver Type,General population,DRIVERTYPE_RS-DRIVERTYPE-GENERAL,,,,0  g/dl,,
Blood Alcohol Concentration (BAC) limit for drivers,Western Pacific,Australia,2017,Driver Type,young/novice drivers,DRIVERTYPE_RS-DRIVERTYPE-YOUNG,,,,0 g/dl,,
Blood Alcohol Concentration (BAC) limit for drivers,South-East Asia,Bhutan,2017,Driver Type,young/novice drivers,DRIVERTYPE_RS-DRIVERTYPE-YOUNG,,,,0 g/dl,,
Blood Alcohol Concentration (BAC) limit for drivers,Europe,Bosnia and Herzegovina,2017,Driver Type,young/novice drivers,DRIVERTYPE_RS-DRIVERTYPE-YOUNG,,,,0 g/dl,,
Blood Alcohol Concentration (BAC) limit for drivers,Americas,Brazil,2017,Driver Type,young/novice drivers,DRIVERTYPE_RS-DRIVERTYPE-YOUNG,,,,0 g/dl,,
Blood Alcohol Concentration (BAC) limit for drivers,Europe,Croatia,2017,Driver Type,young/novice drivers,DRIVERTYPE_RS-DRIVERTYPE-YOUNG,,,,0 g/dl,,
Blood Alcohol Concentration (BAC) limit for drivers,Americas,Cuba,2017,Driver Type,young/novice drivers,DRIVERTYPE_RS-DRIVERTYPE-YOUNG,,,,0 g/dl,,
Blood Alcohol Concentration (BAC) limit for drivers,Americas,Dominican Republic,2017,Driver Type,young/novice drivers,DRIVERTYPE_RS-DRIVERTYPE-YOUNG,,,,0 g/dl,,
Blood Alcohol Concentration (BAC) limit for drivers,Western Pacific,Fiji,2017,Driver Type,young/novice drivers,DRIVERTYPE_RS-DRIVERTYPE-YOUNG,,,,0 g/dl,,
Blood Alcohol Concentration (BAC) limit for drivers,Europe,Germany,2017,Driver Type,young/novice drivers,DRIVERTYPE_RS-DRIVERTYPE-YOUNG,,,,0 g/dl,,
Blood Alcohol Concentration (BAC) limit for drivers,Europe,Hungary,2017,Driver Type,General population,DRIVERTYPE_RS-DRIVERTYPE-GENERAL,,,,0 g/dl,,
Blood Alcohol Concentration (BAC) limit for drivers,Europe,Hungary,2017,Driver Type,young/novice drivers,DRIVERTYPE_RS-DRIVERTYPE-YOUNG,,,,0 g/dl,,
Blood Alcohol Concentration (BAC) limit for drivers,Europe,Italy,2017,Driver Type,young/novice drivers,DRIVERTYPE_RS-DRIVERTYPE-YOUNG,,,,0 g/dl,,
Blood Alcohol Concentration (BAC) limit for drivers,Eastern Mediterranean,Lebanon,2017,Driver Type,young/novice drivers,DRIVERTYPE_RS-DRIVERTYPE-YOUNG,,,,0 g/dl,,
Blood Alcohol Concentration (BAC) limit for drivers,Europe,Lithuania,2017,Driver Type,young/novice drivers,DRIVERTYPE_RS-DRIVERTYPE-YOUNG,,,,0 g/dl,,
Blood Alcohol Concentration (BAC) limit for drivers,Europe,Montenegro,2017,Driver Type,young/novice drivers,DRIVERTYPE_RS-DRIVERTYPE-YOUNG,,,,0 g/dl,,
Blood Alcohol Concentration (BAC) limit for drivers,Western Pacific,New Zealand,2017,Driver Type,young/novice drivers,DRIVERTYPE_RS-DRIVERTYPE-YOUNG,,,,0 g/dl,,
Blood Alcohol Concentration (BAC) limit for drivers,Americas,Paraguay,2017,Driver Type,General population,DRIVERTYPE_RS-DRIVERTYPE-GENERAL,,,,0 g/dl,,
Blood Alcohol Concentration (BAC) limit for drivers,Americas,Paraguay,2017,Driver Type,young/novice drivers,DRIVERTYPE_RS-DRIVERTYPE-YOUNG,,,,0 g/dl,,
Blood Alcohol Concentration (BAC) limit for drivers,Europe,Serbia,2017,Driver Type,young/novice drivers,DRIVERTYPE_RS-DRIVERTYPE-YOUNG,,,,0 g/dl,,
Blood Alcohol Concentration (BAC) limit for drivers,Europe,Slovakia,2017,Driver Type,General population,DRIVERTYPE_RS-DRIVERTYPE-GENERAL,,,,0 g/dl,,
Blood Alcohol Concentration (BAC) limit for drivers,Europe,Slovakia,2017,Driver Type,young/novice drivers,DRIVERTYPE_RS-DRIVERTYPE-YOUNG,,,,0 g/dl,,
Blood Alcohol Concentration (BAC) limit for drivers,Europe,Slovenia,2017,Driver Type,young/novice drivers,DRIVERTYPE_RS-DRIVERTYPE-YOUNG,,,,0 g/dl,,
Blood Alcohol Concentration (BAC) limit for drivers,Eastern Mediterranean,Tunisia,2017,Driver Type,young/novice drivers,DRIVERTYPE_RS-DRIVERTYPE-YOUNG,,,,0 g/dl,,
Blood Alcohol Concentration (BAC) limit for drivers,Americas,Uruguay,2017,Driver Type,General population,DRIVERTYPE_RS-DRIVERTYPE-GENERAL,,,,0 g/dl,,
Blood Alcohol Concentration (BAC) limit for drivers,Americas,Uruguay,2017,Driver Type,young/novice drivers,DRIVERTYPE_RS-DRIVERTYPE-YOUNG,,,,0 g/dl,,
Blood Alcohol Concentration (BAC) limit for drivers,Western Pacific,Viet Nam,2017,Driver Type,General population,DRIVERTYPE_RS-DRIVERTYPE-GENERAL,0,,0.05,0.00 - 0.05 g/dl,,Different Bac limits are set depending on the type of vehicle used: for drivers of cars the bac limit is set at 0.00g/dl while for drivers of motorcycles and mopeds the legal bac limit is set at 0.05g/dl
Blood Alcohol Concentration (BAC) limit for drivers,Western Pacific,Viet Nam,2017,Driver Type,young/novice drivers,DRIVERTYPE_RS-DRIVERTYPE-YOUNG,0,,0.05,0.00 - 0.05 g/dl,,Different Bac limits are set depending on the type of vehicle used: for drivers of cars the bac limit is set at 0.00g/dl while for drivers of motorcycles and mopeds the legal bac limit is set at 0.05g/dl
Blood Alcohol Concentration (BAC) limit for drivers,Americas,Canada,2017,Driver Type,young/novice drivers,DRIVERTYPE_RS-DRIVERTYPE-YOUNG,0,,0.08,0.00 - 0.08 g/dl,,
Blood Alcohol Concentration (BAC) limit for drivers,Americas,United States of America,2017,Driver Type,young/novice drivers,DRIVERTYPE_RS-DRIVERTYPE-YOUNG,0,,0.08,0.00 - 0.08 g/dl,,Over 90% of the states provide a BAC limit equal or under 0.02 g/dl for young-novice drivers
Blood Alcohol Concentration (BAC) limit for drivers,Western Pacific,Kiribati,2017,Driver Type,young/novice drivers,DRIVERTYPE_RS-DRIVERTYPE-YOUNG,,,,0.00 g/dl,,"BAC limit introduced by the traffic act 2017, at December 2017, the notice of commencement had not yet been signed"
Blood Alcohol Concentration (BAC) limit for drivers,Americas,Canada,2017,Driver Type,General population,DRIVERTYPE_RS-DRIVERTYPE-GENERAL,0.04,,0.08,0.04 - 0.08  g/dl,,"National BAC limit is set at 0.08 g/dl. However, in practice all subnational entities have provided their own BAC limits that are reflected in the range above"
